2020-02-03,0.0,0
2020-02-04,0.0,0
2020-02-05,0.0,0
2020-02-06,0.0,0
2020-02-07,0.0,0
2020-02-08,0.0,0
2020-02-09,0.0,0
2020-02-10,0.0,0.0
2020-02-11,0.0,0.0
2020-02-12,0.0,0.0
2020-02-13,0.0,0.0
2020-02-14,0.0,0.0
2020-02-15,0.0,0.0
2020-02-16,0.0,0.0
2020-02-17,0.0,0.0
2020-02-18,0.0,0.0
2020-02-19,0.0,0.0
2020-02-20,0.0,0.0
2020-02-21,0.0,0.0
2020-02-22,0.0,0.0
2020-02-23,0.0,0.0
2020-02-24,1.0,0.14285714285714285
2020-02-25,0.0,0.14285714285714285
2020-02-26,0.0,0.14285714285714285
2020-02-27,0.0,0.14285714285714285
2020-02-28,0.0,0.14285714285714285
2020-02-29,0.0,0.14285714285714285
2020-03-01,0.0,0.14285714285714285
2020-03-02,0.0,0.14285714285714285
2020-03-03,0.0,0.0
2020-03-04,0.0,0.0
2020-03-05,2.0,0.2857142857142857
2020-03-06,0.0,0.2857142857142857
2020-03-07,6.0,1.1428571428571428
2020-03-08,0.0,1.1428571428571428
2020-03-09,5.0,1.8571428571428572
2020-03-10,1.0,2.0
2020-03-11,0.0,2.0
2020-03-12,4.0,2.5714285714285716
2020-03-13,5.0,3.0
2020-03-14,5.0,3.7142857142857144
2020-03-15,6.0,3.7142857142857144
2020-03-16,6.0,4.571428571428571
2020-03-17,3.0,4.285714285714286
2020-03-18,5.0,4.857142857142857
2020-03-19,22.0,8.0
2020-03-20,6.0,8.285714285714286
2020-03-21,5.0,8.285714285714286
2020-03-22,27.0,11.428571428571429
2020-03-23,23.0,13.857142857142858
2020-03-24,18.0,15.571428571428571
2020-03-25,29.0,19.285714285714285
2020-03-26,45.0,25.0
2020-03-27,56.0,29.857142857142858
2020-03-28,26.0,32.714285714285715
2020-03-29,35.0,37.0
2020-03-30,31.0,37.57142857142857
2020-03-31,26.0,38.0
2020-04-01,37.0,40.714285714285715
2020-04-02,13.0,38.42857142857143
2020-04-03,50.0,39.142857142857146
2020-04-04,29.0,35.285714285714285
2020-04-05,42.0,37.57142857142857
2020-04-06,15.0,34.714285714285715
2020-04-07,36.0,35.42857142857143
2020-04-08,57.0,39.857142857142854
2020-04-09,48.0,41.42857142857143
2020-04-10,73.0,50.0
2020-04-11,60.0,51.42857142857143
2020-04-12,15.0,49.42857142857143
2020-04-13,85.0,55.57142857142857
2020-04-14,30.0,57.714285714285715
2020-04-15,26.0,56.285714285714285
2020-04-16,6.0,49.0
2020-04-17,39.0,47.714285714285715
2020-04-18,79.0,48.57142857142857
2020-04-19,20.0,42.857142857142854
2020-04-20,59.0,49.142857142857146
2020-04-21,15.0,39.142857142857146
2020-04-22,2.0,35.142857142857146
2020-04-23,69.0,41.285714285714285
2020-04-24,38.0,45.857142857142854
2020-04-25,14.0,42.285714285714285
2020-04-26,54.0,38.714285714285715
2020-04-27,16.0,38.142857142857146
2020-04-28,44.0,36.0
2020-04-29,19.0,36.57142857142857
2020-04-30,12.0,38.0
2020-05-01,24.0,31.571428571428573
2020-05-02,26.0,29.857142857142858
2020-05-03,80.0,39.285714285714285
2020-05-04,60.0,40.142857142857146
2020-05-05,68.0,47.57142857142857
2020-05-06,19.0,44.0
2020-05-07,27.0,45.142857142857146
2020-05-08,50.0,50.57142857142857
2020-05-09,38.0,52.57142857142857
2020-05-10,52.0,56.285714285714285
2020-05-11,11.0,46.42857142857143
2020-05-12,23.0,41.142857142857146
2020-05-13,17.0,33.857142857142854
2020-05-14,10.0,32.57142857142857
2020-05-15,25.0,32.285714285714285
2020-05-16,33.0,29.857142857142858
2020-05-17,32.0,29.0
2020-05-18,38.0,27.0
2020-05-19,51.0,32.714285714285715
2020-05-20,3.0,29.857142857142858
2020-05-21,13.0,29.285714285714285
2020-05-22,121.0,45.142857142857146
2020-05-23,30.0,45.857142857142854
2020-05-24,17.0,43.57142857142857
2020-05-25,19.0,41.714285714285715
2020-05-26,13.0,38.142857142857146
2020-05-27,9.0,32.142857142857146
2020-05-28,29.0,35.857142857142854
2020-05-29,36.0,39.142857142857146
2020-05-30,59.0,30.285714285714285
2020-05-31,26.0,29.714285714285715
2020-06-01,12.0,29.0
2020-06-02,17.0,28.714285714285715
2020-06-03,26.0,30.571428571428573
2020-06-04,31.0,33.714285714285715
2020-06-05,54.0,37.285714285714285
2020-06-06,14.0,34.142857142857146
2020-06-07,35.0,30.714285714285715
2020-06-08,32.0,31.571428571428573
2020-06-09,14.0,31.857142857142858
2020-06-10,16.0,31.714285714285715
2020-06-11,31.0,32.42857142857143
2020-06-12,37.0,33.285714285714285
2020-06-13,29.0,29.714285714285715
2020-06-14,22.0,30.857142857142858
2020-06-15,24.0,29.285714285714285
2020-06-16,19.0,27.428571428571427
2020-06-17,11.0,27.0
2020-06-18,38.0,30.142857142857142
2020-06-19,37.0,31.0
2020-06-20,1.0,25.857142857142858
2020-06-21,0.0,21.714285714285715
2020-06-22,127.0,36.714285714285715
2020-06-23,34.0,38.142857142857146
2020-06-24,30.0,39.714285714285715
2020-06-25,48.0,45.0
2020-06-26,103.0,54.285714285714285
2020-06-27,68.0,58.714285714285715
2020-06-28,44.0,64.85714285714286
2020-06-29,49.0,71.85714285714286
2020-06-30,42.0,59.714285714285715
2020-07-01,45.0,61.285714285714285
2020-07-02,71.0,67.14285714285714
2020-07-03,0.0,60.285714285714285
2020-07-04,62.0,54.42857142857143
2020-07-05,80.0,56.142857142857146
2020-07-06,131.0,68.57142857142857
2020-07-07,28.0,65.57142857142857
2020-07-08,51.0,66.85714285714286
2020-07-09,74.0,71.0
2020-07-10,171.0,85.28571428571429
2020-07-11,110.0,101.0
2020-07-12,96.0,105.85714285714286
2020-07-13,68.0,104.14285714285714
2020-07-14,50.0,92.57142857142857
2020-07-15,56.0,96.57142857142857
2020-07-16,164.0,112.71428571428571
2020-07-17,115.0,118.57142857142857
2020-07-18,141.0,114.28571428571429
2020-07-19,86.0,110.85714285714286
2020-07-20,103.0,111.85714285714286
2020-07-21,58.0,110.42857142857143
2020-07-22,96.0,117.0
2020-07-23,105.0,124.0
2020-07-24,115.0,117.0
2020-07-25,108.0,116.0
2020-07-26,145.0,116.57142857142857
2020-07-27,90.0,117.14285714285714
2020-07-28,43.0,108.57142857142857
2020-07-29,132.0,119.14285714285714
2020-07-30,226.0,137.71428571428572
2020-07-31,152.0,144.42857142857142
2020-08-01,148.0,149.14285714285714
2020-08-02,88.0,146.28571428571428
2020-08-03,105.0,140.57142857142858
2020-08-04,73.0,138.14285714285714
2020-08-05,92.0,145.14285714285714
2020-08-06,147.0,147.28571428571428
2020-08-07,98.0,129.0
2020-08-08,106.0,122.42857142857143
2020-08-09,116.0,117.85714285714286
2020-08-10,75.0,116.0
2020-08-11,0.0,101.0
2020-08-12,211.0,120.71428571428571
2020-08-13,110.0,123.28571428571429
2020-08-14,109.0,117.85714285714286
2020-08-15,104.0,118.71428571428571
2020-08-16,135.0,122.85714285714286
2020-08-17,54.0,114.0
2020-08-18,81.0,114.85714285714286
2020-08-19,101.0,129.28571428571428
2020-08-20,83.0,111.0
2020-08-21,91.0,108.28571428571429
2020-08-22,89.0,105.42857142857143
2020-08-23,80.0,102.0
2020-08-24,65.0,92.0
2020-08-25,45.0,90.71428571428571
2020-08-26,79.0,90.42857142857143
2020-08-27,89.0,88.71428571428571
2020-08-28,66.0,86.28571428571429
2020-08-29,134.0,92.42857142857143
2020-08-30,79.0,91.0
2020-08-31,66.0,89.0
2020-09-01,50.0,86.85714285714286
2020-09-02,73.0,90.85714285714286
2020-09-03,79.0,90.85714285714286
2020-09-04,59.0,86.57142857142857
2020-09-05,84.0,89.14285714285714
2020-09-06,76.0,80.85714285714286
2020-09-07,64.0,78.71428571428571
2020-09-08,0.0,69.28571428571429
2020-09-09,95.0,75.71428571428571
2020-09-10,46.0,71.85714285714286
2020-09-11,68.0,70.28571428571429
2020-09-12,75.0,72.57142857142857
2020-09-13,39.0,66.14285714285714
2020-09-14,76.0,66.14285714285714
2020-09-15,52.0,64.42857142857143
2020-09-16,60.0,73.0
2020-09-17,79.0,70.71428571428571
2020-09-18,71.0,74.28571428571429
2020-09-19,56.0,72.57142857142857
2020-09-20,49.0,68.85714285714286
2020-09-21,62.0,72.14285714285714
2020-09-22,58.0,69.57142857142857
2020-09-23,36.0,67.28571428571429
2020-09-24,45.0,65.14285714285714
2020-09-25,92.0,67.0
2020-09-26,38.0,62.285714285714285
2020-09-27,67.0,63.857142857142854
2020-09-28,52.0,64.28571428571429
2020-09-29,43.0,61.57142857142857
2020-09-30,37.0,58.57142857142857
2020-10-01,57.0,61.57142857142857
2020-10-02,28.0,59.142857142857146
2020-10-03,54.0,53.714285714285715
2020-10-04,61.0,57.0
2020-10-05,5.0,48.142857142857146
2020-10-06,25.0,44.285714285714285
2020-10-07,28.0,42.142857142857146
2020-10-08,18.0,39.42857142857143
2020-10-09,57.0,39.42857142857143
2020-10-10,12.0,37.142857142857146
2020-10-11,43.0,35.57142857142857
2020-10-12,3.0,27.285714285714285
2020-10-13,25.0,30.142857142857142
2020-10-14,21.0,29.571428571428573
2020-10-15,71.0,35.714285714285715
2020-10-16,25.0,36.714285714285715
2020-10-17,32.0,33.142857142857146
2020-10-18,37.0,36.714285714285715
2020-10-19,24.0,34.0
2020-10-20,36.0,38.714285714285715
2020-10-21,76.0,46.0
2020-10-22,-13.0,41.142857142857146
2020-10-23,32.0,35.57142857142857
2020-10-24,37.0,37.285714285714285
2020-10-25,34.0,37.57142857142857
2020-10-26,49.0,39.285714285714285
2020-10-27,37.0,41.142857142857146
2020-10-28,52.0,43.42857142857143
2020-10-29,36.0,37.714285714285715
2020-10-30,43.0,45.714285714285715
2020-10-31,79.0,52.42857142857143
2020-11-01,55.0,55.0
2020-11-02,54.0,57.857142857142854
2020-11-03,46.0,57.42857142857143
2020-11-04,45.0,58.57142857142857
2020-11-05,67.0,60.714285714285715
2020-11-06,87.0,68.0
2020-11-07,107.0,77.14285714285714
2020-11-08,120.0,83.0
2020-11-09,101.0,89.57142857142857
2020-11-10,58.0,90.14285714285714
2020-11-11,71.0,93.71428571428571
2020-11-12,98.0,101.28571428571429
2020-11-13,96.0,105.42857142857143
2020-11-14,112.0,109.0
2020-11-15,149.0,115.0
2020-11-16,92.0,111.0
2020-11-17,90.0,109.42857142857143
2020-11-18,105.0,116.14285714285714
2020-11-19,105.0,121.0
2020-11-20,194.0,134.71428571428572
2020-11-21,76.0,131.85714285714286
2020-11-22,118.0,132.71428571428572
2020-11-23,97.0,125.28571428571429
2020-11-24,120.0,129.28571428571428
2020-11-25,212.0,146.71428571428572
2020-11-26,179.0,157.28571428571428
2020-11-27,103.0,157.0
2020-11-28,221.0,160.85714285714286
2020-11-29,73.0,160.42857142857142
2020-11-30,121.0,160.85714285714286
2020-12-01,68.0,156.71428571428572
2020-12-02,158.0,162.14285714285714
2020-12-03,261.0,169.14285714285714
2020-12-04,178.0,169.0
2020-12-05,263.0,191.85714285714286
2020-12-06,287.0,201.28571428571428
2020-12-07,321.0,236.71428571428572
2020-12-08,113.0,235.57142857142858
2020-12-09,164.0,249.28571428571428
2020-12-10,244.0,261.57142857142856
2020-12-11,317.0,269.57142857142856
2020-12-12,301.0,287.14285714285717
2020-12-13,167.0,273.42857142857144
2020-12-14,273.0,271.42857142857144
2020-12-15,218.0,256.7142857142857
2020-12-16,379.0,294.7142857142857
2020-12-17,341.0,320.0
2020-12-18,315.0,330.14285714285717
2020-12-19,376.0,338.57142857142856
2020-12-20,328.0,342.42857142857144
2020-12-21,294.0,360.57142857142856
2020-12-22,149.0,342.85714285714283
2020-12-23,146.0,332.57142857142856
2020-12-24,266.0,316.42857142857144
2020-12-25,332.0,315.14285714285717
2020-12-26,300.0,313.0
2020-12-27,189.0,286.2857142857143
2020-12-28,195.0,267.2857142857143
2020-12-29,212.0,255.57142857142858
2020-12-30,270.0,272.85714285714283
2020-12-31,228.0,284.57142857142856
2021-01-01,516.0,320.2857142857143
2021-01-02,405.0,330.7142857142857
2021-01-03,269.0,326.2857142857143
2021-01-04,174.0,324.14285714285717
2021-01-05,165.0,319.85714285714283
2021-01-06,236.0,323.2857142857143
2021-01-07,435.0,346.85714285714283
2021-01-08,461.0,380.14285714285717
2021-01-09,493.0,376.85714285714283
2021-01-10,330.0,366.14285714285717
2021-01-11,346.0,377.14285714285717
2021-01-12,210.0,382.2857142857143
2021-01-13,267.0,396.85714285714283
2021-01-14,332.0,410.57142857142856
2021-01-15,337.0,396.57142857142856
2021-01-16,374.0,384.14285714285717
2021-01-17,279.0,353.57142857142856
2021-01-18,286.0,347.2857142857143
2021-01-19,182.0,323.85714285714283
2021-01-20,181.0,319.7142857142857
2021-01-21,163.0,304.85714285714283
2021-01-22,136.0,276.85714285714283
2021-01-23,226.0,261.0
2021-01-24,281.0,247.71428571428572
2021-01-25,251.0,243.71428571428572
2021-01-26,175.0,227.85714285714286
2021-01-27,140.0,221.85714285714286
2021-01-28,208.0,225.71428571428572
2021-01-29,111.0,218.28571428571428
2021-01-30,101.0,213.28571428571428
2021-01-31,133.0,200.0
2021-02-01,136.0,179.28571428571428
2021-02-02,140.0,163.42857142857142
2021-02-03,85.0,150.57142857142858
2021-02-04,195.0,158.42857142857142
2021-02-05,133.0,147.71428571428572
2021-02-06,113.0,148.0
2021-02-07,208.0,163.28571428571428
2021-02-08,172.0,168.85714285714286
2021-02-09,70.0,159.42857142857142
2021-02-10,103.0,154.14285714285714
2021-02-11,173.0,166.71428571428572
2021-02-12,121.0,156.14285714285714
2021-02-13,103.0,151.85714285714286
2021-02-14,112.0,151.71428571428572
2021-02-15,83.0,133.85714285714286
2021-02-16,80.0,120.71428571428571
2021-02-17,37.0,116.0
2021-02-18,67.0,110.85714285714286
2021-02-19,92.0,99.28571428571429
2021-02-20,96.0,95.71428571428571
2021-02-21,74.0,91.57142857142857
2021-02-22,71.0,85.71428571428571
2021-02-23,56.0,81.85714285714286
2021-02-24,47.0,77.14285714285714
2021-02-25,67.0,81.42857142857143
2021-02-26,77.0,82.85714285714286
2021-02-27,75.0,80.42857142857143
2021-02-28,47.0,73.42857142857143
2021-03-01,31.0,67.28571428571429
2021-03-02,27.0,61.0
2021-03-03,69.0,62.857142857142854
2021-03-04,56.0,64.14285714285714
2021-03-05,37.0,59.857142857142854
2021-03-06,46.0,55.42857142857143
2021-03-07,34.0,49.57142857142857
2021-03-08,34.0,47.714285714285715
2021-03-09,40.0,49.0
2021-03-10,20.0,48.0
2021-03-11,34.0,43.0
2021-03-12,34.0,39.857142857142854
2021-03-13,36.0,39.714285714285715
2021-03-14,26.0,36.857142857142854
2021-03-15,26.0,35.714285714285715
2021-03-16,10.0,32.285714285714285
2021-03-17,13.0,28.428571428571427
2021-03-18,40.0,31.285714285714285
2021-03-19,31.0,30.857142857142858
2021-03-20,32.0,30.571428571428573
2021-03-21,32.0,30.0
2021-03-22,44.0,32.57142857142857
2021-03-23,28.0,32.857142857142854
2021-03-24,31.0,35.857142857142854
2021-03-25,32.0,38.57142857142857
2021-03-26,51.0,40.142857142857146
2021-03-27,32.0,40.285714285714285
2021-03-28,58.0,44.0
2021-03-29,42.0,45.42857142857143
2021-03-30,5.0,39.857142857142854
2021-03-31,34.0,40.714285714285715
2021-04-01,22.0,39.42857142857143
2021-04-02,39.0,40.42857142857143
2021-04-03,65.0,42.42857142857143
2021-04-04,37.0,43.142857142857146
2021-04-05,37.0,40.142857142857146
2021-04-06,13.0,36.0
2021-04-07,34.0,40.142857142857146
2021-04-08,46.0,41.857142857142854
2021-04-09,39.0,44.285714285714285
2021-04-10,59.0,47.142857142857146
2021-04-11,58.0,46.142857142857146
2021-04-12,41.0,46.714285714285715
2021-04-13,26.0,45.142857142857146
2021-04-14,28.0,47.285714285714285
2021-04-15,29.0,46.57142857142857
2021-04-16,49.0,47.0
2021-04-17,46.0,48.0
2021-04-18,39.0,45.142857142857146
2021-04-19,41.0,42.714285714285715
2021-04-20,21.0,39.857142857142854
2021-04-21,23.0,39.42857142857143
2021-04-22,77.0,46.42857142857143
2021-04-23,24.0,45.714285714285715
2021-04-24,34.0,43.57142857142857
2021-04-25,33.0,41.714285714285715
2021-04-26,25.0,39.714285714285715
2021-04-27,20.0,36.714285714285715
2021-04-28,28.0,37.714285714285715
2021-04-29,24.0,37.857142857142854
2021-04-30,30.0,31.142857142857142
2021-05-01,41.0,33.57142857142857
2021-05-02,43.0,34.857142857142854
2021-05-03,26.0,33.857142857142854
2021-05-04,16.0,32.57142857142857
2021-05-05,12.0,31.428571428571427
2021-05-06,27.0,31.285714285714285
2021-05-07,22.0,31.0
2021-05-08,17.0,29.142857142857142
2021-05-09,26.0,27.0
2021-05-10,27.0,24.714285714285715
2021-05-11,14.0,23.0
2021-05-12,24.0,24.142857142857142
2021-05-13,13.0,24.285714285714285
2021-05-14,21.0,23.428571428571427
2021-05-15,30.0,24.571428571428573
2021-05-16,24.0,25.571428571428573
2021-05-17,13.0,23.714285714285715
2021-05-18,8.0,21.0
2021-05-19,2.0,19.285714285714285
2021-05-20,17.0,18.285714285714285
2021-05-21,25.0,20.0
2021-05-22,19.0,19.714285714285715
2021-05-23,27.0,19.285714285714285
2021-05-24,21.0,18.857142857142858
2021-05-25,7.0,18.0
2021-05-26,5.0,17.571428571428573
2021-05-27,15.0,19.428571428571427
2021-05-28,26.0,20.714285714285715
2021-05-29,7.0,18.142857142857142
2021-05-30,21.0,18.428571428571427
2021-05-31,8.0,15.714285714285714
2021-06-01,6.0,13.571428571428571
2021-06-02,9.0,13.857142857142858
2021-06-03,19.0,15.857142857142858
2021-06-04,22.0,16.857142857142858
2021-06-05,7.0,14.142857142857142
2021-06-06,32.0,17.714285714285715
2021-06-07,7.0,15.714285714285714
2021-06-08,4.0,15.142857142857142
2021-06-09,12.0,16.0
2021-06-10,9.0,16.0
2021-06-11,16.0,15.571428571428571
2021-06-12,18.0,15.0
2021-06-13,12.0,15.714285714285714
2021-06-14,8.0,12.285714285714286
2021-06-15,9.0,12.571428571428571
2021-06-16,4.0,12.571428571428571
2021-06-17,12.0,12.571428571428571
2021-06-18,21.0,14.285714285714286
2021-06-19,3.0,12.428571428571429
2021-06-20,10.0,11.285714285714286
2021-06-21,13.0,11.428571428571429
2021-06-22,6.0,11.142857142857142
2021-06-23,12.0,11.571428571428571
2021-06-24,17.0,13.428571428571429
2021-06-25,16.0,14.0
2021-06-26,18.0,13.571428571428571
2021-06-27,10.0,14.571428571428571
2021-06-28,12.0,14.857142857142858
2021-06-29,12.0,14.714285714285714
2021-06-30,-331.0,-33.42857142857143
2021-07-01,24.0,-31.714285714285715
2021-07-02,42.0,-28.142857142857142
2021-07-03,0.0,-30.428571428571427
2021-07-04,0.0,-33.0
2021-07-05,0.0,-34.42857142857143
2021-07-06,130.0,-17.571428571428573
2021-07-07,14.0,-17.285714285714285
2021-07-08,1463.0,239.0
2021-07-09,54.0,243.28571428571428
2021-07-10,0.0,237.28571428571428
2021-07-11,0.0,237.28571428571428
2021-07-12,258.0,274.14285714285717
2021-07-13,60.0,282.7142857142857
2021-07-14,69.0,274.0
2021-07-15,111.0,287.85714285714283
2021-07-16,142.0,99.14285714285714
2021-07-17,0.0,91.42857142857143
2021-07-18,0.0,91.42857142857143
2021-07-19,389.0,147.0
2021-07-20,96.0,123.85714285714286
2021-07-21,73.0,125.71428571428571
2021-07-22,242.0,150.42857142857142
2021-07-23,255.0,171.0
2021-07-24,0.0,150.71428571428572
2021-07-25,0.0,150.71428571428572
2021-07-26,709.0,252.0
2021-07-27,137.0,216.0
2021-07-28,139.0,222.14285714285714
2021-07-29,296.0,254.0
2021-07-30,268.0,257.7142857142857
2021-07-31,0.0,221.28571428571428
2021-08-01,0.0,221.28571428571428
2021-08-02,1020.0,367.0
2021-08-03,121.0,283.0
2021-08-04,205.0,292.7142857142857
2021-08-05,313.0,317.57142857142856
2021-08-06,388.0,330.7142857142857
2021-08-07,0.0,292.42857142857144
2021-08-08,625.0,381.7142857142857
2021-08-09,172.0,406.2857142857143
2021-08-10,163.0,283.85714285714283
2021-08-11,128.0,284.85714285714283
2021-08-12,166.0,279.2857142857143
2021-08-13,219.0,265.85714285714283
2021-08-14,422.0,270.7142857142857
2021-08-15,157.0,293.14285714285717
2021-08-16,178.0,229.28571428571428
2021-08-17,150.0,226.14285714285714
2021-08-18,139.0,222.71428571428572
2021-08-19,486.0,273.85714285714283
2021-08-20,263.0,287.7142857142857
2021-08-21,212.0,286.7142857142857
2021-08-22,205.0,255.71428571428572
2021-08-23,194.0,261.0
2021-08-24,114.0,251.85714285714286
2021-08-25,65.0,239.71428571428572
2021-08-26,183.0,246.0
2021-08-27,181.0,202.42857142857142
2021-08-28,168.0,188.85714285714286
2021-08-29,198.0,186.85714285714286
2021-08-30,231.0,190.57142857142858
2021-08-31,81.0,174.42857142857142
2021-09-01,474.0,225.85714285714286
2021-09-02,170.0,240.85714285714286
2021-09-03,136.0,234.14285714285714
2021-09-04,148.0,229.42857142857142
2021-09-05,115.0,221.85714285714286
2021-09-06,98.0,207.57142857142858
2021-09-07,85.0,186.71428571428572
2021-09-08,55.0,183.0
2021-09-09,202.0,144.14285714285714
2021-09-10,141.0,140.0
2021-09-11,114.0,136.85714285714286
2021-09-12,142.0,136.0
2021-09-13,159.0,142.28571428571428
2021-09-14,95.0,141.85714285714286
2021-09-15,84.0,141.71428571428572
2021-09-16,71.0,144.0
2021-09-17,134.0,134.28571428571428
2021-09-18,116.0,130.71428571428572
2021-09-19,110.0,130.14285714285714
2021-09-20,99.0,124.0
2021-09-21,101.0,115.71428571428571
2021-09-22,94.0,115.57142857142857
2021-09-23,120.0,120.71428571428571
2021-09-24,106.0,125.71428571428571
2021-09-25,0.0,106.57142857142857
2021-09-26,0.0,90.0
2021-09-27,252.0,110.28571428571429
2021-09-28,65.0,105.42857142857143
2021-09-29,77.0,102.0
2021-09-30,90.0,101.42857142857143
2021-10-01,107.0,99.57142857142857
2021-10-02,0.0,84.42857142857143
2021-10-03,0.0,84.42857142857143
2021-10-04,340.0,133.0
2021-10-05,65.0,106.28571428571429
2021-10-06,28.0,101.0
2021-10-07,98.0,104.0
2021-10-08,66.0,100.57142857142857
2021-10-09,0.0,85.28571428571429
2021-10-10,0.0,85.28571428571429
2021-10-11,256.0,121.85714285714286
2021-10-12,59.0,81.71428571428571
2021-10-13,26.0,76.14285714285714
2021-10-14,117.0,88.85714285714286
2021-10-15,57.0,83.0
2021-10-16,0.0,73.57142857142857
2021-10-17,0.0,73.57142857142857
2021-10-18,189.0,100.57142857142857
2021-10-19,46.0,70.57142857142857
2021-10-20,33.0,66.85714285714286
2021-10-21,76.0,74.0
2021-10-22,65.0,66.57142857142857
2021-10-23,0.0,58.42857142857143
2021-10-24,0.0,58.42857142857143
2021-10-25,0.0,58.42857142857143
2021-10-26,221.0,63.0
2021-10-27,22.0,59.57142857142857
2021-10-28,76.0,65.71428571428571
2021-10-29,53.0,62.42857142857143
2021-10-30,0.0,53.142857142857146
2021-10-31,0.0,53.142857142857146
2021-11-01,209.0,83.0
2021-11-02,48.0,89.85714285714286
2021-11-03,32.0,62.857142857142854
2021-11-04,99.0,73.85714285714286
2021-11-05,63.0,72.0
2021-11-06,0.0,64.42857142857143
2021-11-07,0.0,64.42857142857143
2021-11-08,312.0,109.0
2021-11-09,74.0,89.71428571428571
2021-11-10,54.0,90.57142857142857
2021-11-11,121.0,103.28571428571429
2021-11-12,0.0,89.14285714285714
2021-11-13,132.0,99.0
2021-11-14,0.0,99.0
2021-11-15,143.0,119.42857142857143
2021-11-16,36.0,80.0
2021-11-17,41.0,75.28571428571429
2021-11-18,77.0,78.57142857142857
2021-11-19,56.0,69.28571428571429
2021-11-20,0.0,69.28571428571429
2021-11-21,0.0,50.42857142857143
2021-11-22,216.0,81.28571428571429
2021-11-23,37.0,66.14285714285714
2021-11-24,52.0,68.42857142857143
2021-11-25,0.0,62.57142857142857
2021-11-26,0.0,51.57142857142857
2021-11-27,0.0,43.57142857142857
2021-11-28,0.0,43.57142857142857
2021-11-29,252.0,79.57142857142857
2021-11-30,43.0,54.857142857142854
2021-12-01,22.0,52.714285714285715
2021-12-02,123.0,62.857142857142854
2021-12-03,87.0,75.28571428571429
2021-12-04,0.0,75.28571428571429
2021-12-05,0.0,75.28571428571429
2021-12-06,317.0,120.57142857142857
2021-12-07,56.0,92.57142857142857
2021-12-08,70.0,96.42857142857143
2021-12-09,109.0,108.85714285714286
2021-12-10,77.0,102.28571428571429
2021-12-11,0.0,89.85714285714286
2021-12-12,0.0,89.85714285714286
2021-12-13,311.0,134.28571428571428
2021-12-14,65.0,98.28571428571429
2021-12-15,33.0,95.0
2021-12-16,168.0,109.0
2021-12-17,148.0,114.57142857142857
2021-12-18,0.0,103.57142857142857
2021-12-19,0.0,103.57142857142857
2021-12-20,796.0,217.28571428571428
2021-12-21,303.0,216.14285714285714
2021-12-22,289.0,248.14285714285714
2021-12-23,722.0,346.57142857142856
2021-12-24,709.0,423.85714285714283
2021-12-25,0.0,402.7142857142857
2021-12-26,0.0,402.7142857142857
2021-12-27,0.0,402.7142857142857
2021-12-28,2000,574.7142857142857
2021-12-29,825.0,649.2857142857143
2021-12-30,1712.0,852.5714285714286
2021-12-31,1381.0,946.7142857142857
2022-01-01,0.0,845.4285714285714
2022-01-02,0.0,845.4285714285714
2022-01-03,0.0,845.4285714285714
2022-01-04,2000,1131.142857142857
2022-01-05,1351.0,1038.4285714285713
2022-01-06,1803.0,1178.142857142857
2022-01-07,2000,1219.2857142857142
2022-01-08,0.0,1022.0
2022-01-09,0.0,1022.0
2022-01-10,2000,1307.7142857142858
2022-01-11,1746.0,1557.142857142857
2022-01-12,1469.0,1481.2857142857142
2022-01-13,2000,1574.0
2022-01-14,2000,1602.142857142857
2022-01-15,0.0,1316.4285714285713
2022-01-16,0.0,1316.4285714285713
2022-01-17,2000,1602.142857142857
2022-01-18,1153.0,1481.142857142857
2022-01-19,1213.0,1405.0
2022-01-20,2000,1480.857142857143
2022-01-21,1586.0,1421.7142857142858
2022-01-22,0.0,1136.0
2022-01-23,0.0,1136.0
2022-01-24,2000,1421.7142857142858
2022-01-25,933.0,1269.2857142857142
2022-01-26,836.0,1224.0
2022-01-27,2000,1336.4285714285713
2022-01-28,1091.0,1206.5714285714287
2022-01-29,0.0,980.0
2022-01-30,0.0,980.0
2022-01-31,2000,1265.7142857142858
2022-02-01,347.0,1029.5714285714287
2022-02-02,487.0,965.8571428571429
2022-02-03,1242.0,1023.8571428571429
2022-02-04,473.0,805.7142857142857
2022-02-05,0.0,649.8571428571429
2022-02-06,0.0,649.8571428571429
2022-02-07,634.0,740.4285714285714
2022-02-08,830.0,573.2857142857143
2022-02-09,2000,809.4285714285714
2022-02-10,-2764.0,345.0
2022-02-11,563.0,248.0
2022-02-12,0.0,180.42857142857142
2022-02-13,0.0,180.42857142857142
2022-02-14,1182.0,349.2857142857143
2022-02-15,286.0,299.57142857142856
2022-02-16,178.0,206.42857142857142
2022-02-17,72.0,-69.0
2022-02-18,210.0,355.85714285714283
2022-02-19,0.0,275.42857142857144
2022-02-20,0.0,275.42857142857144
2022-02-21,0.0,275.42857142857144
2022-02-22,668.0,202.0
2022-02-23,89.0,173.85714285714286
2022-02-24,226.0,180.71428571428572
2022-02-25,952.0,306.42857142857144
2022-02-26,0.0,276.42857142857144
2022-02-27,0.0,276.42857142857144
2022-02-28,248.0,311.85714285714283
2022-03-01,75.0,322.57142857142856
2022-03-02,79.0,238.42857142857142
2022-03-03,-90.0,212.85714285714286
2022-03-04,95.0,194.14285714285714
2022-03-05,0.0,58.142857142857146
2022-03-06,0.0,58.142857142857146
2022-03-07,205.0,87.42857142857143
2022-03-08,-87.0,39.57142857142857
2022-03-09,20.0,31.714285714285715
2022-03-10,-57.0,12.285714285714286
2022-03-11,-66.0,15.714285714285714
2022-03-12,0.0,2.142857142857143
2022-03-13,0.0,2.142857142857143
2022-03-14,12.0,3.857142857142857
2022-03-15,-47.0,-32.142857142857146
2022-03-16,-49.0,-26.714285714285715
2022-03-17,-290.0,-71.0
2022-03-18,141.0,-42.714285714285715
2022-03-19,0.0,-33.285714285714285
2022-03-20,0.0,-33.285714285714285
2022-03-21,271.0,5.428571428571429
2022-03-22,54.0,11.428571428571429
2022-03-23,86.0,30.428571428571427
2022-03-24,145.0,58.142857142857146
2022-03-25,155.0,121.71428571428571
2022-03-26,0.0,101.57142857142857
2022-03-27,0.0,101.57142857142857
2022-03-28,354.0,152.14285714285714
2022-03-29,59.0,121.85714285714286
2022-03-30,111.0,130.0
2022-03-31,199.0,146.14285714285714
2022-04-01,145.0,146.14285714285714
2022-04-02,0.0,124.0
2022-04-03,0.0,124.0
2022-04-04,0.0,124.0
2022-04-05,461.0,139.28571428571428
2022-04-06,0.0,130.85714285714286
2022-04-07,0.0,115.0
2022-04-08,427.0,147.57142857142858
2022-04-09,0.0,126.85714285714286
2022-04-10,0.0,126.85714285714286
2022-04-11,0.0,126.85714285714286
2022-04-12,0.0,126.85714285714286
2022-04-13,0.0,61.0
2022-04-14,707.0,162.0
2022-04-15,368.0,214.57142857142858
2022-04-16,0.0,153.57142857142858
2022-04-17,0.0,153.57142857142858
2022-04-18,0.0,153.57142857142858
2022-04-19,618.0,241.85714285714286
2022-04-20,0.0,241.85714285714286
2022-04-21,0.0,241.85714285714286
2022-04-22,790.0,253.71428571428572
2022-04-23,0.0,201.14285714285714
2022-04-24,0.0,201.14285714285714
2022-04-25,0.0,201.14285714285714
2022-04-26,961.0,338.42857142857144
2022-04-27,0.0,250.14285714285714
2022-04-28,0.0,250.14285714285714
2022-04-29,1096.0,406.7142857142857
2022-04-30,0.0,293.85714285714283
2022-05-01,0.0,293.85714285714283
2022-05-02,0.0,293.85714285714283
2022-05-03,1358.0,487.85714285714283
2022-05-04,0.0,350.57142857142856
2022-05-05,0.0,350.57142857142856
2022-05-06,1225.0,525.5714285714286
2022-05-07,0.0,369.0
2022-05-08,0.0,369.0
2022-05-09,0.0,369.0
2022-05-10,1368.0,564.4285714285714
2022-05-11,0.0,370.42857142857144
2022-05-12,0.0,370.42857142857144
2022-05-13,1096.0,527.0
